system:index,Descriptio,IBI_count,IBI_mean,IBI_stdDev,LST_Celsius_count,LST_Celsius_mean,LST_Celsius_stdDev,MNDWI_count,MNDWI_mean,MNDWI_stdDev,NDBI_count,NDBI_mean,NDBI_stdDev,NDMI_count,NDMI_mean,NDMI_stdDev,NDSI_count,NDSI_mean,NDSI_stdDev,NDVI_count,NDVI_mean,NDVI_stdDev,Name,UI_count,UI_mean,UI_stdDev,anio,clase,feature_id,par_id,.geo
1_00000000000000000000,,4,0.04398279692474249,0.0038028191308176456,4,38.771747783648664,0.2358693078479936,4,-0.17868139769311425,0.013787894921068612,4,0.043983735865703574,0.007470256483316253,4,-0.043983735865703574,0.007470256483316253,4,0.07222780018105163,0.0019012281980807873,4,0.09308804142045546,0.014721184627673703,Polígono 1 La selva,4,0.00901208581352556,0.012308255656988384,2026,ladrillera,00000000000000000000,1.0,"{""type"":""Polygon"",""coordinates"":[[[-101.62803651877047,21.172957792960844],[-101.62784919121252,21.17302910555535],[-101.62800526855183,21.173314505385527],[-101.62818365534382,21.17326988570327],[-101.62803651877047,21.172957792960844]]]}"
1_00000000000000000001,,9,0.044077892016031656,0.009171087029459239,9,40.29546741561132,0.4959167036411808,9,-0.2066410606339683,0.01410848290212266,9,0.042254856718527,0.01001627534061282,9,-0.042254856718527,0.01001627534061282,9,0.06956566364164762,0.007433004189689496,9,0.11389115884074846,0.012836374952408774,Polígono 2 La selva,9,-0.012252255987138522,0.014064127821231558,2026,ladrillera,00000000000000000001,2.0,"{""type"":""Polygon"",""coordinates"":[[[-101.62909330256836,21.172904258614864],[-101.62882133639236,21.17282401219045],[-101.6287990270379,21.17284186562544],[-101.62855822520731,21.1728909013417],[-101.62822827379158,21.17308714565891],[-101.62907099315511,21.17330559831425],[-101.62923601348172,21.17295332322509],[-101.62909330256836,21.172904258614864]]]}"
1_00000000000000000002,,29,0.033596682397992406,0.011142338472842862,29,38.9163291127263,0.49199909461360153,29,-0.19976668829643213,0.018842056224792618,29,0.031375509165520614,0.013863573276456716,29,-0.031375509165520614,0.013863573276456716,29,0.05910612934419279,0.010728197925861573,29,0.12615121665170842,0.0196296008453689,Polígono 3 La Selva ll,29,-0.03750236438946481,0.02309680161390986,2026,ladrillera,00000000000000000002,3.0,"{""type"":""Polygon"",""coordinates"":[[[-101.63417224844558,21.174621058226325],[-101.63362820324082,21.174540785218348],[-101.63355241737221,21.174322312936447],[-101.63311098532559,21.1744872318358],[-101.63268735123225,21.175200694178184],[-101.63411868586564,21.175637683787993],[-101.63434170431094,21.175049145182776],[-101.63417224844558,21.174621058226325]]]}"
1_00000000000000000003,,134,0.05265364762443654,0.010260977846828289,134,41.888192262440434,1.0858407731712778,134,-0.20937876581603362,0.017837287474560752,134,0.05439812152379821,0.012589014942123711,134,-0.05439812152379821,0.012589014942123711,134,0.0738227010060111,0.009897819899591397,134,0.10675468831456304,0.016762848634643623,Polígono 4  El Valladito,134,0.008516784506011734,0.017833178703081796,2026,ladrillera,00000000000000000003,4.0,"{""type"":""Polygon"",""coordinates"":[[[-101.64082073487224,21.17448724528754],[-101.6401429573859,21.175249796998582],[-101.64054431016277,21.175695646964286],[-101.63965244615846,21.17650719239705],[-101.63862238015938,21.177385668433626],[-101.6392823504672,21.177938565625205],[-101.63966581581414,21.178620850924567],[-101.63985759242928,21.17852278366381],[-101.6395499165837,21.17780038665298],[-101.64166355698579,21.17686838992878],[-101.6420113489958,21.17678368496757],[-101.64225660991607,21.176600909068558],[-101.64246618908925,21.176739125487533],[-101.64261334621911,21.17642249156796],[-101.64238145445937,21.176319960144777],[-101.64252409691417,21.17599441135758],[-101.64276493130464,21.176114868520795],[-101.64281398379974,21.176052419877976],[-101.64255977926322,21.175918644863007],[-101.64297893926373,21.17507144778793],[-101.64082073487224,21.17448724528754]]]}"
1_00000000000000000004,,19,0.03776367034641289,0.014234525803634195,19,41.3176419849632,0.764212431895045,19,-0.1970260243051338,0.024061164879955833,19,0.03732744884512264,0.016647972975907487,19,-0.03732744884512264,0.016647972975907487,19,0.06261405015292493,0.014106241108195033,19,0.1195286145492672,0.024232727424336933,Polígono 5 El Valladito,19,-0.01623444804924671,0.022215223412492165,2026,ladrillera,00000000000000000004,5.0,"{""type"":""Polygon"",""coordinates"":[[[-101.63879635771616,21.17544599725499],[-101.63884089393423,21.175361284093636],[-101.63856447452056,21.175098140240205],[-101.63788671183268,21.17630661467667],[-101.63805165943243,21.17651611885917],[-101.63871162609502,21.17599886834242],[-101.63897467633433,21.175615418507792],[-101.63879635771616,21.17544599725499]]]}"
1_00000000000000000005,,130,0.030729955938482607,0.013961315967675397,130,40.55196871061791,0.6869537417365862,130,-0.1973388590958808,0.01719422284853156,130,0.028011869857679988,0.017370193500277437,130,-0.028011869857679988,0.017370193500277437,130,0.055915154273791304,0.012642905704555164,130,0.13010155928787012,0.017817139369679425,Polígono 6 Ladrilleras de la Patiña,130,-0.041495770300664266,0.020601086949979502,2026,ladrillera,00000000000000000005,6.0,"{""type"":""Polygon"",""coordinates"":[[[-101.70304747792673,21.210048604173473],[-101.70102310183368,21.20988364877818],[-101.70073765615851,21.212157713187008],[-101.70064853055425,21.212603620423266],[-101.70393484881028,21.213214576851723],[-101.70304747792673,21.210048604173473]]]}"
1_00000000000000000006,,404,0.04794951623939432,0.015813393306706388,404,44.56730896464806,1.3310037643576869,404,-0.21256859464130595,0.013816760266211186,404,0.04834072342037034,0.01945712616745503,404,-0.04834072342037034,0.01945712616745503,404,0.0719653449880899,0.014678032770239383,404,0.11734871313075644,0.019330746574384088,Polígono 7 Ladrilleras del refugio,404,-0.0038442835027123106,0.027361858343447946,2026,ladrillera,00000000000000000006,7.0,"{""type"":""Polygon"",""coordinates"":[[[-101.55261527133499,21.08555047043773],[-101.55269550817448,21.084926187948607],[-101.55224071792615,21.0847122109455],[-101.55239234336514,21.084087869720328],[-101.55231202002108,21.084029934687454],[-101.55129982984978,21.08608556401459],[-101.55110813157914,21.08643781275551],[-101.55059531878526,21.086219388851873],[-101.54973468035645,21.08709776769155],[-101.5501003770748,21.087588316847786],[-101.54997104727478,21.087904922767194],[-101.54944930597904,21.087592745501382],[-101.54883839931158,21.087860300894256],[-101.54812497111116,21.08782464317213],[-101.5476121732704,21.089951593454625],[-101.54972574613134,21.090892539101898],[-101.54945381644932,21.091686178023664],[-101.55123737607511,21.09223912397092],[-101.55142473751349,21.091396355270962],[-101.55197320539969,21.091583646637556],[-101.55415817172658,21.086125743157968],[-101.55261527133499,21.08555047043773]]]}"
1_00000000000000000007,,15,0.03587501328191314,0.006140917096255418,15,39.89002797990769,0.3512824868656605,15,-0.18899367155536223,0.019734689754165296,15,0.03356326499763625,0.008884635563195032,15,-0.03356326499763625,0.008884635563195032,15,0.06350094185947545,0.004937465324603861,15,0.11488054664370233,0.02055465569735256,Polígono 8 La selva 2,15,-0.026274479537491836,0.01499160996704281,2026,ladrillera,00000000000000000007,8.0,"{""type"":""Polygon"",""coordinates"":[[[-101.63118467956143,21.170491891715365],[-101.63094387216569,21.170866442869315],[-101.63097503646537,21.170893223055078],[-101.630881456786,21.17109387112631],[-101.6310463931981,21.171196407636458],[-101.6311490011411,21.171035901211756],[-101.63177767233815,21.171294536634615],[-101.63204973311221,21.170928928237377],[-101.63118467956143,21.170491891715365]]]}"
2_00000000000000000000,,28,0.06054423254844898,0.01347583944468111,28,43.16041289227397,1.0774504047643194,28,-0.2091749664700209,0.019917384825806385,28,0.0652961240842568,0.016244651826447996,28,-0.0652961240842568,0.016244651826447996,28,0.07746130699355835,0.011324420032686895,28,0.0989630535542747,0.007253170240117917,Polígono 1,28,-0.002513540005276754,0.011096837350197886,2026,suelo_desnudo,00000000000000000000,1.0,"{""type"":""Polygon"",""coordinates"":[[[-101.64484286747745,21.17314065655388],[-101.64440590183223,21.173947693953174],[-101.64573911731567,21.174277683159673],[-101.64614049181908,21.17353744475349],[-101.64484286747745,21.17314065655388]]]}"
2_00000000000000000001,,33,0.07439496015747739,0.018097055459540958,33,42.7867486235484,0.6866929773322564,33,-0.2359774632938245,0.037084504952197,33,0.08256391794174349,0.023640552197973074,33,-0.08256391794174349,0.023640552197973074,33,0.09324198675361736,0.013882324123668762,33,0.1019588829260284,0.01772952987567283,Polígono 2,33,0.033111152320533944,0.03241621823965677,2026,suelo_desnudo,00000000000000000001,2.0,"{""type"":""Polygon"",""coordinates"":[[[-101.6331377229455,21.16253241246325],[-101.63340084580189,21.162091003397848],[-101.63279881544405,21.161502317225217],[-101.63201405439297,21.162398659888623],[-101.63235738661893,21.162750909408384],[-101.633021831039,21.16328599131612],[-101.6334230693401,21.162920395355318],[-101.6331377229455,21.16253241246325]]]}"
2_00000000000000000002,,20,0.06500006787492646,0.016131045991434632,20,41.011065509082904,0.5921124055953281,20,-0.21794073586635174,0.03358496648614116,20,0.07003594177293132,0.022279614088852286,20,-0.07003594177293132,0.022279614088852286,20,0.09000132087734744,0.014351919043972433,20,0.09601988253590155,0.025211783530360323,Polígono 3,20,0.010766168801233164,0.030239872965282768,2026,suelo_desnudo,00000000000000000002,3.0,"{""type"":""Polygon"",""coordinates"":[[[-101.64200692128186,21.168364875634147],[-101.64110167481313,21.167963569917152],[-101.64078062546213,21.167945792470785],[-101.64066021050843,21.168191039343878],[-101.64095009216672,21.168253447833877],[-101.64084747448761,21.16862800244681],[-101.64127114204412,21.168761765478564],[-101.64135587576381,21.168645862367676],[-101.64196229688156,21.16883315591529],[-101.6422877776287,21.168525477842863],[-101.64200692128186,21.168364875634147]]]}"
2_00000000000000000003,,208,0.06464469175520228,0.017567524363385188,208,49.26538727169372,2.2138572513309223,208,-0.21160406149573138,0.018261828630083535,208,0.07547570652710268,0.023253316786958033,208,-0.07547570652710268,0.023253316786958033,208,0.07399191118780125,0.013282681200032209,208,0.10150096919616099,0.01945753672399668,Polígono 4,208,0.032638420075610367,0.03206254045133893,2026,suelo_desnudo,00000000000000000003,4.0,"{""type"":""Polygon"",""coordinates"":[[[-101.64054873781404,21.150840667934435],[-101.63812302105457,21.15302114965186],[-101.64128008422642,21.156066707550856],[-101.64310829925911,21.153716791981623],[-101.64054873781404,21.150840667934435]]]}"
2_00000000000000000004,,22,0.06077024225698049,0.01658800579541948,22,42.90706803970817,0.5222816985848148,22,-0.23634911446591939,0.030311475403254365,22,0.06547287128978875,0.021320921216872527,22,-0.06547287128978875,0.021320921216872527,22,0.0841586907405879,0.013480152026582905,22,0.12157542697370871,0.014898310062099495,Poligono 5,22,-0.027824496193065075,0.016012294958882723,2026,suelo_desnudo,00000000000000000004,5.0,"{""type"":""Polygon"",""coordinates"":[[[-101.64377272600093,21.162849046566887],[-101.64362556722074,21.162429823927127],[-101.64338915859827,21.16213998649335],[-101.64312166936183,21.162536905647663],[-101.64271145108872,21.163272632809097],[-101.64412938071595,21.16342423448448],[-101.64417843385844,21.163080905580546],[-101.64377272600093,21.162849046566887]]]}"
2_00000000000000000005,,343,0.0722237745432068,0.022383386757227272,343,44.240859665891904,1.3902225781639403,343,-0.20351771581463746,0.039144688390436215,343,0.07969931517766705,0.03068481796480132,343,-0.07969931517766705,0.03068481796480132,343,0.0932600855187179,0.01718203907737245,343,0.0707269281632652,0.017129122910242357,Polígono 6,343,0.008609400599822228,0.028890893882475756,2026,suelo_desnudo,00000000000000000005,6.0,"{""type"":""Polygon"",""coordinates"":[[[-101.71373595714287,21.20762731560777],[-101.71242497724043,21.207457850863424],[-101.71250082075741,21.21180997949712],[-101.71554190457827,21.213392944950822],[-101.71689749341863,21.2135490293853],[-101.71718732742904,21.21170291846777],[-101.71749497286433,21.20928162342],[-101.71373595714287,21.20762731560777]]]}"
2_00000000000000000006,,455,0.07078002915728845,0.011489709155572432,455,50.67773361629853,1.5019418771085384,455,-0.23299868183633987,0.010878588606177473,455,0.08174698253629732,0.01579499382183153,455,-0.08174698253629732,0.01579499382183153,455,0.08593763416405462,0.00950826839555517,455,0.10899090497616597,0.013926905514453587,Polígono 7,455,0.03295747576216138,0.029581614204675172,2026,suelo_desnudo,00000000000000000006,7.0,"{""type"":""Polygon"",""coordinates"":[[[-101.57512481974365,21.07303377654494],[-101.57070137739007,21.071464168795117],[-101.56993444121342,21.074946779372],[-101.57037143796761,21.077662358049533],[-101.57456295347164,21.078656711554817],[-101.57542354020192,21.077381412201824],[-101.57512481974365,21.07303377654494]]]}"
2_00000000000000000007,,69,0.07002826504795352,0.024900053680109308,69,41.23313332586425,1.5250898480802924,69,-0.24622405018524485,0.018780835328243258,69,0.07853507727413929,0.031348266436891495,69,-0.07853507727413929,0.031348266436891495,69,0.08676463787528446,0.021794524757811056,69,0.12099346324735397,0.023221488114261574,Polígono 8,69,-0.029885072528576,0.03230960604202015,2026,suelo_desnudo,00000000000000000007,8.0,"{""type"":""Polygon"",""coordinates"":[[[-101.65244113827848,21.17347058753941],[-101.65200865550318,21.174384742482662],[-101.65244113827848,21.175263187505717],[-101.65292719515871,21.17559756594247],[-101.65325271041215,21.17518288965225],[-101.65377002910428,21.17551285331383],[-101.65494273190662,21.174175097982367],[-101.65244113827848,21.17347058753941]]]}"
